river_name,total_area,excluded_area,pct_excluded
Puelo,9121.633248587017,53.14443206859054,0.5826196978136877
Yelcho,11369.277106927846,2694.2693767649585,23.697807269762215
Palena,13147.563085217787,770.0614652383442,5.857066136492992
Cisnes,5116.698636743262,1276.4596006054553,24.946937297403775
Aysen,12181.393610524234,832.9973753534797,6.838276489430598
